"HolderAddress","Quantity","PendingBalanceUpdate"
"0x5c7b3ff2b2e7a3c0006a80741e10a6b95a25397b","4","No"
"0xc609ed8bd4384b0822267c9fe4ac04f768fee0ca","4","No"
"0x2d971977feb62637493f7519a4e4d8f37431c565","3","No"
"0x01fda4aedb48fc76e19b12dc52269aec24f31e5e","3","No"
"0xc4bb2bc2008ec64d7e4805b4d8e93d1dcda1851c","3","No"
"0x425c15348f2fdb966f1d778a5663679e491f831b","3","No"
"0xabd4d2b15ed7c40a2a37a5c4eb4d204ba6f208dd","3","No"
"0xa4a61fc20f8865df4cbec54be14231c837bcb501","3","No"
"0x0dfa8230b32c54a1a4335edb4b3c0b384aaf6d58","3","No"
"0xfc3d6ce4b4e12adc369491b4bcf99b435df37a9a","3","No"
"0x4c373eba6674522d590a439e7b555a2b493c908d","3","No"
"0x1bf6483cfc8748070626847a3df5350cbb8047e8","3","No"
"0x7af07aeee9ffae5153486cbb09b40231bcef24b6","3","No"
"0x6ae7737ffb0e7862de7d6f77f48e72ac693bc363","3","No"
"0xf9081ef394551482c43a68c51c816f4e7999e707","3","No"
"0xe9f5b65dccf83a8b7babb98cf10738930de0f622","3","No"
"0xd9dcaa6fe506677b04e30999a5b3b08fc5881dad","3","No"
"0xc57461850cb66b2b8208f42de7fa2382d1276bd2","3","No"
"0x5eb5bd7d4d2724b55fe94a4ab77acc843c7d1628","2","No"
"0x6984abf56f07a9b77f9c86505662df02abd18ca9","2","No"
"0x15719d37d81a0a490af6b143ffb3c84613d77a7b","2","No"
"0xa989e529e18ce62ec0d1da4865d0e34cc024426c","2","No"
"0xdff06a434d893df8d38dfa0fd56701a78b89755d","2","No"
"0x1d4f267fb4c930f29116a1c3673fcdf2f486f66e","2","No"
"0x99427af6db508772aff31579f16aa72907ff0496","2","No"
"0x23d240de88829ae666b7c01fb1c0ed3e93358603","2","No"
"0x5464cdeab1a4dca805d16fd507004077d75cae49","2","No"
"0x03d3f5ec0a3ecafc17bad4447b454b49cd7530a4","1","No"
"0x08962c71a00c667003d26da85effb1f2fc809c55","1","No"
"0x096335cbbd7d399f07dc16a3343b61d72540549c","1","No"
"0x0dce789fc7e675cfce99f7a85478c5df1ab8ff29","1","No"
"0x1702f2d0df7c99011a690461c34e51bd81cbab48","1","No"
"0x1dd6844b11f9d1c7c82501c3189ed81cbe04e05b","1","No"
"0x8da48e5846c06b558970acd42edc7da8799481e4","1","No"
"0x9055067d61479f879c528f4fc01c4050c5cc9388","1","No"
"0x978e03f914228ddfcadf90ac830b07085c6013b4","1","No"
"0x6d2cb2002fc89c7ddccc22c0137b2296ce906be1","1","No"
"0x99578a1a733456aa292ea2b4583253fa814b16a7","1","No"
"0x9daa684bf3a32f62f98dd645acf0e913ad55efe4","1","No"
"0x9ebe6aba6baad4910b246b7e421d71e1dab6acdc","1","No"
"0xa465e69aea2d50bd3788921fea57629c92204306","1","No"
"0x46040cc8e07606966ab4c96d2651e2440a5aecf7","1","No"
"0x7695fb3c02a6ce6571032235ed29dd1d790101c9","1","No"
"0x44d57a8e2114f1360b43bb0e21ce3ca490467189","1","No"
"0x424a1088e10e7a1a190005f232bc46f67c63f10c","1","No"
"0x40f3daf7aee2529d3a4fba5ae85a6674421682e0","1","No"
"0x3c95919e8b17d531f7ea98ccd19b6ea43e98d25e","1","No"
"0x31679441477ecba9e7fd766d67eb39de9de4b0d3","1","No"
"0x51f554a692e45f8212b1c18439f4e587bd6200ad","1","No"
"0xe1bd870e799a4ebd13b6b4fb343bf8299b022b55","1","No"
"0x806e09ffa42615ff606d671e664783f6c1cffc7c","1","No"
"0xe3fcbd108ed6cea2b1c1a2b048a5ee102671fbe0","1","No"
"0x00b11cbdd042915633a185270c1a728e713d3145","1","No"
"0xec036c507c3308272402fd7cdba932eadd0ef4c7","1","No"
"0xf740c7ffe9036df461ee08ffcfe46fa498eb0262","1","No"
"0xf74bea74c3c8cd098484bed69271db63edda4338","1","No"
"0x200f8cec9ad6ee6f6971e3611246d280530739e3","1","No"
"0xe35204e44a5cc128f2d3adbc75c0e17b7f6a93d3","1","No"
