"HolderAddress","Quantity","PendingBalanceUpdate"
"0x23cb875902bdd0ce9244b8ca1a6e332356c4bb19","75","No"
"0x6ae7737ffb0e7862de7d6f77f48e72ac693bc363","51","No"
"0xc4bb2bc2008ec64d7e4805b4d8e93d1dcda1851c","40","No"
"0xe35204e44a5cc128f2d3adbc75c0e17b7f6a93d3","40","No"
"0x1dd6844b11f9d1c7c82501c3189ed81cbe04e05b","33","No"
"0x863b1016892e056857b24155274bbedff8387a48","31","No"
"0x2d971977feb62637493f7519a4e4d8f37431c565","27","No"
"0x15719d37d81a0a490af6b143ffb3c84613d77a7b","23","No"
"0x425c15348f2fdb966f1d778a5663679e491f831b","21","No"
"0x6d402115abdf44167a3ee3b23acdef9dd706c14a","20","No"
"0x0e66a715078a09678b040aa654631eefdcc7d234","19","No"
"0x7af07aeee9ffae5153486cbb09b40231bcef24b6","19","No"
"0x99427af6db508772aff31579f16aa72907ff0496","19","No"
"0x1bf6483cfc8748070626847a3df5350cbb8047e8","18","No"
"0x4c373eba6674522d590a439e7b555a2b493c908d","18","No"
"0x88d0e9fd5058114be1df181271fc979beb66dcec","18","No"
"0xd9dcaa6fe506677b04e30999a5b3b08fc5881dad","18","No"
"0xe9f5b65dccf83a8b7babb98cf10738930de0f622","18","No"
"0x6984abf56f07a9b77f9c86505662df02abd18ca9","15","No"
"0xc609ed8bd4384b0822267c9fe4ac04f768fee0ca","15","No"
"0x424a1088e10e7a1a190005f232bc46f67c63f10c","13","No"
"0x4f05e2e7218d7dc61cff727b4eb28a12f86caf6f","13","No"
"0xf040ad31c74dd27faa5ca2c0a5713c96e2a9ce4b","13","No"
"0x5c7b3ff2b2e7a3c0006a80741e10a6b95a25397b","12","No"
"0xf2c060ecd4d36e5b24691ef6e70f65f338bf9901","12","No"
"0x0352de60830c6852c3d8ed0fe9cce7ff2cc865b2","11","No"
"0xe3dcb8cb5c9d7e38d8e584bae874c8760e7c0979","11","No"
"0x080b62ceaedd748329222e3bb823bf75cfafaa89","10","No"
"0x1d4f267fb4c930f29116a1c3673fcdf2f486f66e","10","No"
"0x2ed502a704f3590b9eaa59ca1e88a6b457dd577c","10","No"
"0x325c770f2cec9dc506f563444c7543ed762da77a","10","No"
"0x44d57a8e2114f1360b43bb0e21ce3ca490467189","10","No"
"0x4d982788c01402c4e0f657e1192d7736084ae5a8","10","No"
"0x7d56da765c194fe5eae10841b57739e634562436","10","No"
"0xb0987e408cf12202365b7733c6d870c2b91d01f7","10","No"
"0xbf51802db173061762cf93e39218f526980cd718","10","No"
"0xd4416b13d2b3a9abae7acd5d6c2bbdbe25686401","10","No"
"0xeb53c370bbb1ee3bf5a8649b8156a6d342e46ee8","10","No"
"0x01fda4aedb48fc76e19b12dc52269aec24f31e5e","9","No"
"0x0dfa8230b32c54a1a4335edb4b3c0b384aaf6d58","9","No"
"0x11c2254143310e834640f0fdafd6e44516340e40","9","No"
"0x2296604466f30e2f308c6945d6320a5b2636b2e0","9","No"
"0x23a2bfcc4380b474bda8a6aaddc04d3fedeee646","9","No"
"0x23d240de88829ae666b7c01fb1c0ed3e93358603","9","No"
"0x26c46e6f7b37e3eea85b6edf0e95583d0bb292ad","9","No"
"0x297395b71b4337d98f5bcaf67949b888ab681c80","9","No"
"0x370aaf21ac3a66ab87ee886f1a3fb1397ef60628","9","No"
"0x436bb9e1f02c9ca7164afb5753c03c071430216d","9","No"
"0x732a20211b054289b3f2b861f62b7c41c8077a2f","9","No"
"0x9e0149f7cc28c93a3b5f76ab3e8a2a22d14435b5","9","No"
"0xa2b7b6ff037372e4e3c2059c0fef60691b981194","9","No"
"0xa4a61fc20f8865df4cbec54be14231c837bcb501","9","No"
"0xabd4d2b15ed7c40a2a37a5c4eb4d204ba6f208dd","9","No"
"0xbf4913dea2cf8e82ea9f92c311fb1f15cbd46eb4","9","No"
"0xc57461850cb66b2b8208f42de7fa2382d1276bd2","9","No"
"0xdff06a434d893df8d38dfa0fd56701a78b89755d","9","No"
"0xe3fcbd108ed6cea2b1c1a2b048a5ee102671fbe0","9","No"
"0xe71198adebfcc0dff5c966203d8c3c5442fa715b","9","No"
"0xf9081ef394551482c43a68c51c816f4e7999e707","9","No"
"0xfc3d6ce4b4e12adc369491b4bcf99b435df37a9a","9","No"
"0x88ad3aea86707042de1ea576da1b39993a9420e8","8","No"
"0x8942a15733b7cf75b0242b898c7c890d1f1b6caa","8","No"
"0x9df797b49989fc6c3f82f154d2be6ffe2b496be4","8","No"
"0x19f80171872b4545f419c2838278334b245773c3","7","No"
"0x7731d522011b4ace5d812c15539321f373d0e964","7","No"
"0x902f36d185d241a030d03d8ea1bbc75ad601c750","7","No"
"0xeec21715c69fe1140c16e756f91bca467327f0c3","7","No"
"0x08d6191bf9548c41d1deb3b00ff70a7539b45841","6","No"
"0x2df819b22420b7be533c873c0de84fa65be38817","6","No"
"0x363deba39c26918594aa8c0319293fa50be031af","6","No"
"0x3c95919e8b17d531f7ea98ccd19b6ea43e98d25e","6","No"
"0x5464cdeab1a4dca805d16fd507004077d75cae49","6","No"
"0x5eb5bd7d4d2724b55fe94a4ab77acc843c7d1628","6","No"
"0x6d2cb2002fc89c7ddccc22c0137b2296ce906be1","6","No"
"0x7695fb3c02a6ce6571032235ed29dd1d790101c9","6","No"
"0x806e09ffa42615ff606d671e664783f6c1cffc7c","6","No"
"0x978e03f914228ddfcadf90ac830b07085c6013b4","6","No"
"0xa989e529e18ce62ec0d1da4865d0e34cc024426c","6","No"
"0xcc0e0b9ebd4ce352f5a50b3ae77ea01202c284ee","6","No"
"0xcdabdd3357245a3abe4de35a8efb81f332dc5dd3","6","No"
"0xe04143cde199140fff4bafbebc591cef38d4d96b","6","No"
"0xf74bea74c3c8cd098484bed69271db63edda4338","6","No"
"0x20903153d13ec240fb89faebc9ef65cbc6d80eb6","5","No"
"0x24bb3fbba92b9697487b9ce7e216c03a7e6a38ce","5","No"
"0x5f3299c51e55cd781f9e74069055bacd3f086fcb","5","No"
"0x10cb5e9510cb7ed396bcc4fb50500c150ac9cdb8","4","No"
"0x9eadb4c0e373404e89b8916aa295b9fd597a0d91","4","No"
"0xbabe6e86c5195f0fa51eb3199d3813611bd4fcbd","4","No"
"0xdcbf49bdb92b2aa84de4e428fd5b2c9c58412bc5","4","No"
"0x00b11cbdd042915633a185270c1a728e713d3145","3","No"
"0x0309543670b35e7cfab93eb5252a4c3648afa062","3","No"
"0x03d3f5ec0a3ecafc17bad4447b454b49cd7530a4","3","No"
"0x08962c71a00c667003d26da85effb1f2fc809c55","3","No"
"0x096335cbbd7d399f07dc16a3343b61d72540549c","3","No"
"0x09e87b22dbf4718d53950504b317972c8c54b6ec","3","No"
"0x0dce789fc7e675cfce99f7a85478c5df1ab8ff29","3","No"
"0x0e28c38930f96978383baffeb2b008f83de84612","3","No"
"0x136f7983bd213c0302fa9a13d2447d731384f81d","3","No"
"0x1702f2d0df7c99011a690461c34e51bd81cbab48","3","No"
"0x1813183e1a2a5a565d09b0f16a868a4e1b7610c0","3","No"
"0x194462ce3df761caef69e709941b034b7db8b339","3","No"
"0x1a5a3ef671a47eae115358659c27b30100e7a6a5","3","No"
"0x1bc37ef8c54d0e12e560ed60bd3fe6b9ee7f0109","3","No"
"0x1f8b1b06b6d49c943109bd8b66fe95e474f1e4f4","3","No"
"0x200f8cec9ad6ee6f6971e3611246d280530739e3","3","No"
"0x21f228fa0868283b67d600922108a41b08a72e33","3","No"
"0x223f11a47e753992af8c1c0d5f3172e9996a62c1","3","No"
"0x22e38662f88d65181ad16cb486cd1db58d734318","3","No"
"0x235f5aa38c752329d98dc1b8af5785062ed7bc73","3","No"
"0x25f129fe4ae5fd7e3a549d4c21f5d9d41a32e733","3","No"
"0x277a97e421279fe1d3a398e73d443980de9eb6db","3","No"
"0x277d5e118f9d1b2df6f1be1b91350a120f1eaea6","3","No"
"0x2872b22118ac2049adf23824625605f141ea24fd","3","No"
"0x290633e9d8bd4550a3402f45014845ac0fdbd470","3","No"
"0x2de24a3a593ad27aa7f7db4a4a6204a57bf75d0b","3","No"
"0x2fb835ff22f0a648dbe6c1001590739ef365ee1d","3","No"
"0x31679441477ecba9e7fd766d67eb39de9de4b0d3","3","No"
"0x343dfd70e8f8cb4aa895a036c5d0860c69d50236","3","No"
"0x36ba7ab6ed1e3e3a45d9b361a8b37d9d50e39ce5","3","No"
"0x3fa6b88e5747c912ab05d7b6160f00f4240bd6cc","3","No"
"0x40f3daf7aee2529d3a4fba5ae85a6674421682e0","3","No"
"0x46040cc8e07606966ab4c96d2651e2440a5aecf7","3","No"
"0x4eb17879cdabd3c95ccc8f8500e3f4fafa0808dd","3","No"
"0x508af27e3a07c35c161c89cad5152687e1001763","3","No"
"0x50f571bf11c824a39a65ed5b477c638773e92996","3","No"
"0x51f554a692e45f8212b1c18439f4e587bd6200ad","3","No"
"0x531c7034f19b4c205e9646517f95e1ae5448ede5","3","No"
"0x57d41ce5c9b95d7e0daabca6e497c85fe48f550e","3","No"
"0x5943ca679fac6f9284718adb4065ef284ef5f5ff","3","No"
"0x59522e64e45af033457c01625a1f8174b7a88af7","3","No"
"0x5a26c497e64289c55d988356f54cd9a29d3fbc20","3","No"
"0x5aa698375a80f8d02df76e8cb6db1dde42f781e5","3","No"
"0x5db8cfd0f24bba356fd96e27584fb931f6d065d2","3","No"
"0x5ee088fc381cbb46746d2a9df412496a0c304466","3","No"
"0x62f1c87bedcc2771ec7f630a558969814af67c6d","3","No"
"0x6ea92d4b055ae854aadd86228a7a07a6601a9bc3","3","No"
"0x7082b4fab174a82e77c2d8e1e7de688590fbef43","3","No"
"0x70c484b8e31bf993c616b622aacb4ec0a0b64663","3","No"
"0x7650376ad17592801bb2cc73bc08f4e777dea7f5","3","No"
"0x78ad590de27fe86ddd40ca09f47b3c9ef58fbcb3","3","No"
"0x797f62310412ca58149c439ca1a915bd3216cbcc","3","No"
"0x7a8f627298f6d4fb987ada1df467237b29844f22","3","No"
"0x7b3374bc6434d04f6591d3a4b8a71337c2619251","3","No"
"0x7dfd9d9949f8fc208a7e923c018067a30c5d1967","3","No"
"0x84b1641b6b7c3faa3fcff922d05ba42113013b5d","3","No"
"0x8a0deb0dc4ead77e4acfb7d956655d61c96b89bf","3","No"
"0x8bb57a8241640d47a8336bf9b726da63767baefa","3","No"
"0x8da48e5846c06b558970acd42edc7da8799481e4","3","No"
"0x9055067d61479f879c528f4fc01c4050c5cc9388","3","No"
"0x91769843cec84adcf7a48df9dbd9694a39f44b42","3","No"
"0x932c3bddd0ddef23fc31286b4bc651d4e3c2ee58","3","No"
"0x954f5d83b10536ec0f4b4f4773b4d567d99d2d8c","3","No"
"0x95a208e16a49937d239f2ee20dba6797c5a178d3","3","No"
"0x965a67ee271c0ef4c856063acc594cc3e53a38d6","3","No"
"0x99578a1a733456aa292ea2b4583253fa814b16a7","3","No"
"0x9a89f0452d0522454ad4f7abea93c3ea37cca104","3","No"
"0x9c8f5f4f9761332b4fe775d1303230b5e5d4fb0b","3","No"
"0x9daa684bf3a32f62f98dd645acf0e913ad55efe4","3","No"
"0x9ebe6aba6baad4910b246b7e421d71e1dab6acdc","3","No"
"0xa019b8c19144fd14b61436ab3eb39642434a1a47","3","No"
"0xa2681553681a6a317f33bdca233c510e7e9a94fc","3","No"
"0xa32ac6f43458c40369385e60f704912b33312919","3","No"
"0xa465e69aea2d50bd3788921fea57629c92204306","3","No"
"0xa4a5206a3b9c0c80647bc959a86899007edc93ba","3","No"
"0xabcd831eed69fe025aeee88a6a8770ef30303161","3","No"
"0xadfa18e47a362ad034486ad5a7f815557a0070aa","3","No"
"0xaeb7ad5a15f01cf3974a0a7be48e4a560fda664c","3","No"
"0xb08eac9676702095c3404021d7d2776e84abfed8","3","No"
"0xb1c01d8371c0b98d24b63b5480b60aa199b53344","3","No"
"0xb3cfa3b7b93a46028916ca499076095f5c65f2ab","3","No"
"0xb70917c742a2b78863ddcdcc9ed5b60a73264e98","3","No"
"0xb78d1015d3361e40e26103a3b48edb80aaddf0ef","3","No"
"0xb8cd6aa5997560ad1077b1cd2e134b4bec30f3d1","3","No"
"0xbd21b9c103ad06455e7b66e4f5d2e7f338b4dde7","3","No"
"0xc1bf0659d4abfe4da58cf55cf266e3f3fb7fbf38","3","No"
"0xc1c2cb875458f878263960725618fcd0391a3791","3","No"
"0xc26360529988aa377439d90ef75b75976c81b3af","3","No"
"0xc411d2393edd298186a2b31c0c6cc979b0e81836","3","No"
"0xc5b9cadf24d6bbd302e3148bab27a414de5fe072","3","No"
"0xc5e349c8b9b381e2e849edf2de38264e60d0c2f8","3","No"
"0xc7e5ba0c7a71cdc297090fe95388548362daa0b8","3","No"
"0xc7fcb6e9af65fe57e3afa9fc728e9f44f935b536","3","No"
"0xcdfeaf075604e7d3894fbf6bdf42a07c3e012175","3","No"
"0xce1ab75007263c5e7f86a800e24aa752ebdc1957","3","No"
"0xd41308f50858da2b7cc641e493fbddf34775393a","3","No"
"0xd49ca89d56af9dc56fd63646b3fc1cab9eb8271b","3","No"
"0xd61ee0599d74d63e0acc242541764fd341d730d6","3","No"
"0xdb5c3dbb79f6dfce0dcfffce08867041fef85f2c","3","No"
"0xdcc4c0ee05751c0e2ff8e6da9f80df864809c42c","3","No"
"0xddd93126ffc8e05132329a77034e56bbc4248685","3","No"
"0xdff917ab602e8508b6907de1b038dd52b24a2379","3","No"
"0xe1bd870e799a4ebd13b6b4fb343bf8299b022b55","3","No"
"0xe323a9a5cc1d51d28a7c2e99cdbb4f7122dfbc2b","3","No"
"0xe519e5eb81f92bf19ecfc7e5d9c6418cd8c2e0b9","3","No"
"0xe654b1edbf4fe598402ba14ffc0ff1b276c3698e","3","No"
"0xe7c81b554f0dfd5596acc9052267930a3f533323","3","No"
"0xeb3b759a882e45301bbd7c5507bddbada47dca81","3","No"
"0xec036c507c3308272402fd7cdba932eadd0ef4c7","3","No"
"0xee155c9661c94e0845f7f31ba0ca6c8914dcf86b","3","No"
"0xee5df6be19517184c65a9deb10ce6fdedc023824","3","No"
"0xf03fc8e9fad2e41a73c00577d3ea2705142d54a7","3","No"
"0xf1ad8dfd06580fb273e3a69bbd8c0458ad02b304","3","No"
"0xf34b1b5d188743eb0970095d0f578a103366ee25","3","No"
"0xf4697663da314a70d6ae7278fd0797edf82a51e0","3","No"
"0xf4b4d9a156b789630c65b1a3b8b08876ed7fde2c","3","No"
"0xf5ce24d54029ed4575b30a9d5aa67e2f2358e48b","3","No"
"0xf740c7ffe9036df461ee08ffcfe46fa498eb0262","3","No"
"0xf9e1845cf5e982f4e13f23d75d41bf795d35bcf1","3","No"
"0xfc733b5a795e50c16ebd3a3324fc7b6956d3ac9c","3","No"
"0xff01c74f9688f568d861de7f969cb5712eacb1e2","3","No"
"0x04ab04d8eb65125f4d3f578bd04588f73c1cc184","2","No"
"0x102ef2536ef4cb29231fbadbb89c29f0db936231","2","No"
"0x11bdea140cb111ed24110723a1577b03118936c6","2","No"
"0x35e8489eafa4dc7f300e768dedd6f5227611e99f","2","No"
"0x3b181b6965cbd2223ed316ebd80bf5322289f777","2","No"
"0x43e730ddea1192d1b455f38eb0f43c61ac4f8f26","2","No"
"0x533c07cd7f2eb451947a8dd3d4e97cb3c88b57f7","2","No"
"0x5ec48c0de881f07feeb82070095fc4ff152060e5","2","No"
"0x65cbb0a7a99d90e537419c0c9525e03e56aac965","2","No"
"0x7417ee9abc3ae38ac90e34c1b16af626b9495258","2","No"
"0xa09220cf851f1e6a7d0511209c0d559ddfc51ba3","2","No"
"0xb17439dc8e3f6c313133ab6fbbf1c240f33ec84e","2","No"
"0xb2363b4fa560a29fbc3acf5f65769646d826d533","2","No"
"0xb4e8a12af0b32457c458c531b2265d41ca595528","2","No"
"0xb54585a47e4861bb187d29491888a36d3bc0e110","2","No"
"0xd44d330ccb32197f5eb720b02f22aeac0331dbfc","2","No"
"0xf18f0d6c8536c93e7a2761559e94987b03fd7a70","2","No"
"0xfda8c08cf73871e33c6163bdd5ae8fb253cab408","2","No"
"0x03265d46f1aa6cc26c0021389211eda19650c5bb","1","No"
"0x0e8e24507a04f5ebf4f48ca7f3225381bdc96e37","1","No"
"0x0f9ef34d0ad4b248742f5b4d2880ccef0415c3a8","1","No"
"0x0ffe34c5619d8a4e9b06542d902a91981f80be29","1","No"
"0x129eb53da8fd130ab8fcee277c643aee753ea699","1","No"
"0x1a5ea19de274b3fe1fde06334a6bf22f11c6bed2","1","No"
"0x23423cdfa8f3fc0fd6afe82a6b7059d095767c2e","1","No"
"0x2756f32547398a30e6097da74947880259f76db9","1","No"
"0x2897746f64c24733558bf81879da70c55eb8ff6c","1","No"
"0x2ec149ecbf70d0a4ae2c2b55e57bae9333cd460f","1","No"
"0x33777754e555adc3bffebefd833497bf6bdfb727","1","No"
"0x3e0bb922475cc5c9699f28f0542f52b75041a423","1","No"
"0x40fa5b555b83676e203dac4cfb70fd13a53bf6a7","1","No"
"0x4c977a822496b8f42a505447af48146bbb1ba7f4","1","No"
"0x5bd75193b70050a40eddfb13d1aa1851236d1012","1","No"
"0x5c4aa73cd04672cabef2749f30f72ac7d429b72c","1","No"
"0x79c2b7860f27bf066a2d92418ec9777fd8c5d0ae","1","No"
"0x7bcce8038a1357cbb1b0e2de3764886c7c9439c1","1","No"
"0x7ece907c5bca88578e9fbb50c4d4d3499bee1e1f","1","No"
"0x8949b76afbf52978158ee5df926be5b80f78cdb1","1","No"
"0x96b6ed9239e60b732aea78c431f8830c02250ca9","1","No"
"0x9ab486d599873c6c316bc14c829c701dbe2444d8","1","No"
"0xa068ca03723c322a09d44fe74a5a0c421401f6db","1","No"
"0xae154ffd710ff69ec30af05b36977fb5a0a4cd17","1","No"
"0xb19a9bea22c51f7e3793dd657af9c1732889de68","1","No"
"0xb2763336e3a4badeb722e850e913c3607206f025","1","No"
"0xbbe674abf40ee1f16d34d27f253dda226db576f2","1","No"
"0xbf8e7d9b1b01875c74da634234c31494793a1df8","1","No"
"0xc8b0b11b814692894499f5be7a21fe191dcc2c99","1","No"
"0xd2dadbca3ac0eae3efa0c0c1de9dfa5b09c9b71a","1","No"
"0xd8277e1ee014268a7cae003d52da851a512c9b94","1","No"
"0xe291e1364ccad34e502cbcae700e783258a2bf44","1","No"
"0xefe90c664502bc7f727104a1b725d5d364ba1c50","1","No"
"0xf86878b198336e24e10005553f18a1fe4ffae7b8","1","No"
"0xf8afcc523cca29e790bf50ecb89b620cefc962fb","1","No"
"0xf956ba918a8bd401443334b0073e07bcb8c3856d","1","No"
